[
{
  "model": "webapp.movie",
  "pk": 1,
  "fields": {
    "name": "\u0418\u043d\u0442\u0435\u0440\u0441\u0442\u0435\u043b\u043b\u0430\u0440",
    "description": "",
    "poster": "posters/205px-Interstellar_2014.jpg",
    "release_date": "2019-02-28",
    "finish_date": "2019-03-28",
    "is_deleted": false,
    "categories": [
      2
    ]
  }
},
{
  "model": "webapp.movie",
  "pk": 2,
  "fields": {
    "name": "\u0422\u0435\u043a\u043a\u0435\u043d 3",
    "description": "\u0412\u044b\u043d\u0435\u0441\u0438\u0442\u0435 \u0444\u043e\u0440\u043c\u0443 \u0432 \u043e\u0442\u0434\u0435\u043b\u044c\u043d\u044b\u0439 \u043a\u043e\u043c\u043f\u043e\u043d\u0435\u043d\u0442, \u043d\u0430\u0447\u0430\u043b\u044c\u043d\u044b\u0435 \u0437\u043d\u0430\u0447\u0435\u043d\u0438\u044f (\u0437\u0430\u0434\u0430\u0447\u0443) \u0434\u043b\u044f \u043a\u043e\u0442\u043e\u0440\u043e\u0433\u043e \u043f\u0435\u0440\u0435\u0434\u0430\u0432\u0430\u0439\u0442\u0435 \u0447\u0435\u0440\u0435\u0437 props. \u0422.\u043a. props \u043d\u0435 \u043c\u043e\u0436\u0435\u0442 \u043c\u0435\u043d\u044f\u0442\u044c\u0441\u044f, \u0442\u043e \u043a\u043e\u043f\u0438\u0440\u0443\u0439\u0442\u0435 \u043f\u0435\u0440\u0435\u0434\u0430\u043d\u043d\u0443\u044e \u0437\u0430\u0434\u0430\u0447\u0443 \u0438\u0437 props \u0432 state. \u0414\u043b\u044f \u044d\u0442\u043e\u0433\u043e \u0441\u043e\u0437\u0434\u0430\u0439\u0442\u0435 \u0432 \u043a\u043e\u043c\u043f\u043e\u043d\u0435\u043d\u0442\u0435 \u0444\u043e\u0440\u043c\u044b \u043a\u043e\u043d\u0441\u0442\u0440\u0443\u043a\u0442\u043e\u0440, \u043a\u043e\u0442\u043e\u0440\u044b\u0439 \u043c\u043e\u0436\u0435\u0442 \u0441\u043e\u0437\u0434\u0430\u0442\u044c state \u043d\u0430 \u043e\u0441\u043d\u043e\u0432\u0435 \u0437\u0430\u0434\u0430\u0447\u0438, \u043f\u0435\u0440\u0435\u0434\u0430\u043d\u043d\u043e\u0439 \u0447\u0435\u0440\u0435\u0437 props (\u0435\u0441\u043b\u0438 \u0437\u0430\u0434\u0430\u0447\u0430 \u043f\u0435\u0440\u0435\u0434\u0430\u043d\u0430, \u0442\u043e \u0432 state \u043a\u043e\u043f\u0438\u0440\u0443\u0435\u0442\u0441\u044f \u044d\u0442\u0430 \u0437\u0430\u0434\u0430\u0447\u0430, \u0435\u0441\u043b\u0438 \u043d\u0435\u0442, \u0442\u043e \u0432 state \u043a\u043e\u043f\u0438\u0440\u0443\u0435\u0442\u0441\u044f \u043f\u0443\u0441\u0442\u0430\u044f \u0437\u0430\u0434\u0430\u0447\u0430).",
    "poster": "posters/header.jpg",
    "release_date": "2019-03-06",
    "finish_date": "2019-03-16",
    "is_deleted": false,
    "categories": [
      3,
      4
    ]
  }
},
{
  "model": "webapp.movie",
  "pk": 3,
  "fields": {
    "name": "\u0417\u0430\u043a\u043b\u044f\u0442\u0438\u0435",
    "description": "",
    "poster": "posters/bigi5284ea16cfbf3.jpg",
    "release_date": "2019-04-03",
    "finish_date": "2019-05-08",
    "is_deleted": false,
    "categories": [
      1,
      3
    ]
  }
},
{
  "model": "webapp.movie",
  "pk": 10,
  "fields": {
    "name": "\u041e\u0442\u043a\u0440\u044b\u0442\u044c",
    "description": "\u0414\u043e\u0431\u0430\u0432\u044c\u0442\u0435 \u0432\u043e\u0437\u043c\u043e\u0436\u043d\u043e\u0441\u0442\u044c \u0432\u044b\u0432\u043e\u0434\u0438\u0442\u044c \u0441\u0442\u0430\u0442\u0443\u0441\u044b \u0434\u0438\u043d\u0430\u043c\u0438\u0447\u0435\u0441\u043a\u0438: \u0421\u043e\u0437\u0434\u0430\u0439\u0442\u0435 \u043c\u043e\u0434\u0435\u043b\u044c \u0441\u0442\u0430\u0442\u0443\u0441\u0430  (Status) \u0441 \u043f\u043e\u043b\u044f\u043c\u0438: \u043d\u0430\u0437\u0432\u0430\u043d\u0438\u0435 (status) - \u0442\u0435\u043a\u0441\u0442\u043e\u0432\u043e\u0435, \u043e\u0431\u044f\u0437\u0430\u0442\u0435\u043b\u044c\u043d\u043e\u0435 \u043f\u043e\u0440\u044f\u0434\u043e\u043a (order) - \u0447\u0438\u0441\u043b\u043e, \u043a\u043e\u0442\u043e\u0440\u043e\u0435 \u043e\u043f\u0440\u0435\u0434\u0435\u043b\u044f\u0435\u0442 \u043f\u043e\u0440\u044f\u0434\u043e\u043a \u0441\u0442\u0430\u0442\u0443\u0441\u043e\u0432 \u0421\u043e\u0437\u0434\u0430\u0439\u0442\u0435 \u0441\u0435\u0440\u0438\u0430\u043b\u0438\u0437\u0430\u0442\u043e\u0440 \u0438 \u043f\u0440\u0435\u0434\u0441\u0442\u0430\u0432\u043b\u0435\u043d\u0438\u0435 \u0434\u043b\u044f \u0432\u044b\u0432\u043e\u0434\u0430 \u0441\u043f\u0438\u0441\u043a\u0430 \u0441\u0442\u0430\u0442\u0443\u0441\u043e\u0432 \u043d\u0430 \u043e\u0441\u043d\u043e\u0432\u0435 rest_framework.views.ListAPIView. \u0412 \u043f\u0440\u0435\u0434\u0441\u0442\u0430\u0432\u043b\u0435\u043d\u0438\u0438 \u0443\u043a\u0430\u0436\u0438\u0442\u0435 \u0441\u0432\u043e\u0439\u0441\u0442\u0432\u0430 queryset \u0438 serializer \u0442\u0430\u043a \u0436\u0435, \u043a\u0430\u043a \u0438 \u0432 viewset-\u0430\u0445. \u0421\u0442\u0430\u0442\u0443\u0441\u044b \u0434\u043e\u043b\u0436\u043d\u044b \u0431\u044b\u0442\u044c \u043e\u0442\u0441\u043e\u0440\u0442\u0438\u0440\u043e\u0432\u0430\u043d\u044b \u043f\u043e \u043f\u043e\u043b\u044e order \u0432 \u0432\u043e\u0437\u0440\u0430\u0441\u0442\u0430\u044e\u0449\u0435\u043c \u043f\u043e\u0440\u044f\u0434\u043a\u0435. \u0414\u043e\u0431\u0430\u0432\u043b\u0435\u043d\u0438\u0435, \u0440\u0435\u0434\u0430\u043a\u0442\u0438\u0440\u043e\u0432\u0430\u043d\u0438\u0435 \u0438 \u0443\u0434\u0430\u043b\u0435\u043d\u0438\u0435 \u0441\u0442\u0430\u0442\u0443\u0441\u043e\u0432 \u0432 API \u043d\u0435 \u043d\u0443\u0436\u043d\u043e. \u041d\u0430 \u043a\u043b\u0438\u0435\u043d\u0442\u0435 \u0437\u0430\u043f\u0440\u0430\u0448\u0438\u0432\u0430\u0439\u0442\u0435 \u0441\u043f\u0438\u0441\u043e\u043a \u0441\u0442\u0430\u0442\u0443\u0441\u043e\u0432 \u0438\u0437 API: \u0434\u043b\u044f \u0444\u043e\u0440\u043c\u044b \u043d\u0430 \u0441\u0442\u0440\u0430\u043d\u0438\u0446\u0430\u0445 \u0434\u043e\u0431\u0430\u0432\u043b\u0435\u043d\u0438\u044f \u0438 \u0440\u0435\u0434\u0430\u043a\u0442\u0438\u0440\u043e\u0432\u0430\u043d\u0438\u044f \u0437\u0430\u0434\u0430\u0447 \u043d\u0430 \u0433\u043b\u0430\u0432\u043d\u043e\u0439 \u0434\u043b\u044f \u0444\u0443\u043d\u043a\u0446\u0438\u0438 \u043f\u0435\u0440\u0435\u043c\u0435\u0449\u0435\u043d\u0438\u044f \u0437\u0430\u0434\u0430\u0447 \u043c\u0435\u0436\u0434\u0443 \u043a\u043e\u043b\u043e\u043d\u043a\u0430\u043c\u0438 \u0414\u0438\u043d\u0430\u043c\u0438\u0447\u0435\u0441\u043a\u0438 \u043c\u0435\u043d\u044f\u0439\u0442\u0435 \u0448\u0438\u0440\u0438\u043d\u0443 \u043a\u043e\u043b\u043e\u043d\u043e\u043a \u043d\u0430 \u0433\u043b\u0430\u0432\u043d\u043e\u0439 \u0432 \u0437\u0430\u0432\u0438\u0441\u0438\u043c\u043e\u0441\u0442\u0438 \u043e\u0442 \u043a\u043e\u043b\u0438\u0447\u0435\u0441\u0442\u0432\u0430 \u0441\u0442\u0430\u0442\u0443\u0441\u043e\u0432 \u0437\u0430\u0434\u0430\u0447\u0438 (\u0431\u043e\u043b\u044c\u0448\u0435 \u0441\u0442\u0430\u0442\u0443\u0441\u043e\u0432 - \u0443\u0436\u0435 \u043a\u043e\u043b\u043e\u043d\u043a\u0438).",
    "poster": "posters/unnamed_2_mJaYLIq.jpg",
    "release_date": "2019-03-17",
    "finish_date": null,
    "is_deleted": true,
    "categories": [
      6
    ]
  }
},
{
  "model": "webapp.movie",
  "pk": 11,
  "fields": {
    "name": "\u041e\u0442\u043a\u0440\u044b\u0442\u044c \u043e\u043a\u043d\u043e",
    "description": "\u0412\u044b\u043d\u0435\u0441\u0438\u0442\u0435 \u0444\u043e\u0440\u043c\u0443 \u0432 \u043e\u0442\u0434\u0435\u043b\u044c\u043d\u044b\u0439 \u043a\u043e\u043c\u043f\u043e\u043d\u0435\u043d\u0442, \u043d\u0430\u0447\u0430\u043b\u044c\u043d\u044b\u0435 \u0437\u043d\u0430\u0447\u0435\u043d\u0438\u044f (\u0437\u0430\u0434\u0430\u0447\u0443) \u0434\u043b\u044f \u043a\u043e\u0442\u043e\u0440\u043e\u0433\u043e \u043f\u0435\u0440\u0435\u0434\u0430\u0432\u0430\u0439\u0442\u0435 \u0447\u0435\u0440\u0435\u0437 props. \u0422.\u043a. props \u043d\u0435 \u043c\u043e\u0436\u0435\u0442 \u043c\u0435\u043d\u044f\u0442\u044c\u0441\u044f, \u0442\u043e \u043a\u043e\u043f\u0438\u0440\u0443\u0439\u0442\u0435 \u043f\u0435\u0440\u0435\u0434\u0430\u043d\u043d\u0443\u044e \u0437\u0430\u0434\u0430\u0447\u0443 \u0438\u0437 props \u0432 state. \u0414\u043b\u044f \u044d\u0442\u043e\u0433\u043e \u0441\u043e\u0437\u0434\u0430\u0439\u0442\u0435 \u0432 \u043a\u043e\u043c\u043f\u043e\u043d\u0435\u043d\u0442\u0435 \u0444\u043e\u0440\u043c\u044b \u043a\u043e\u043d\u0441\u0442\u0440\u0443\u043a\u0442\u043e\u0440, \u043a\u043e\u0442\u043e\u0440\u044b\u0439 \u043c\u043e\u0436\u0435\u0442 \u0441\u043e\u0437\u0434\u0430\u0442\u044c state \u043d\u0430 \u043e\u0441\u043d\u043e\u0432\u0435 \u0437\u0430\u0434\u0430\u0447\u0438, \u043f\u0435\u0440\u0435\u0434\u0430\u043d\u043d\u043e\u0439 \u0447\u0435\u0440\u0435\u0437 props (\u0435\u0441\u043b\u0438 \u0437\u0430\u0434\u0430\u0447\u0430 \u043f\u0435\u0440\u0435\u0434\u0430\u043d\u0430, \u0442\u043e \u0432 state \u043a\u043e\u043f\u0438\u0440\u0443\u0435\u0442\u0441\u044f \u044d\u0442\u0430 \u0437\u0430\u0434\u0430\u0447\u0430, \u0435\u0441\u043b\u0438 \u043d\u0435\u0442, \u0442\u043e \u0432 state \u043a\u043e\u043f\u0438\u0440\u0443\u0435\u0442\u0441\u044f \u043f\u0443\u0441\u0442\u0430\u044f \u0437\u0430\u0434\u0430\u0447\u0430).",
    "poster": "",
    "release_date": "2019-03-19",
    "finish_date": "2019-03-15",
    "is_deleted": true,
    "categories": [
      2
    ]
  }
},
{
  "model": "webapp.movie",
  "pk": 12,
  "fields": {
    "name": "\u041e\u0442\u043a\u0440\u044b\u0442\u044c \u043e\u043a\u043d\u043e",
    "description": null,
    "poster": "",
    "release_date": "2019-03-17",
    "finish_date": "2019-05-07",
    "is_deleted": true,
    "categories": [
      4
    ]
  }
},
{
  "model": "webapp.movie",
  "pk": 13,
  "fields": {
    "name": "\u041e\u0442\u043a\u0440\u044b\u0442\u044c \u043e\u043a\u043d\u043e",
    "description": "\u0412\u044b\u043d\u0435\u0441\u0438\u0442\u0435 \u0444\u043e\u0440\u043c\u0443 \u0432 \u043e\u0442\u0434\u0435\u043b\u044c\u043d\u044b\u0439 \u043a\u043e\u043c\u043f\u043e\u043d\u0435\u043d\u0442, \u043d\u0430\u0447\u0430\u043b\u044c\u043d\u044b\u0435 \u0437\u043d\u0430\u0447\u0435\u043d\u0438\u044f (\u0437\u0430\u0434\u0430\u0447\u0443) \u0434\u043b\u044f \u043a\u043e\u0442\u043e\u0440\u043e\u0433\u043e \u043f\u0435\u0440\u0435\u0434\u0430\u0432\u0430\u0439\u0442\u0435 \u0447\u0435\u0440\u0435\u0437 props. \u0422.\u043a. props \u043d\u0435 \u043c\u043e\u0436\u0435\u0442 \u043c\u0435\u043d\u044f\u0442\u044c\u0441\u044f, \u0442\u043e \u043a\u043e\u043f\u0438\u0440\u0443\u0439\u0442\u0435 \u043f\u0435\u0440\u0435\u0434\u0430\u043d\u043d\u0443\u044e \u0437\u0430\u0434\u0430\u0447\u0443 \u0438\u0437 props \u0432 state. \u0414\u043b\u044f \u044d\u0442\u043e\u0433\u043e \u0441\u043e\u0437\u0434\u0430\u0439\u0442\u0435 \u0432 \u043a\u043e\u043c\u043f\u043e\u043d\u0435\u043d\u0442\u0435 \u0444\u043e\u0440\u043c\u044b \u043a\u043e\u043d\u0441\u0442\u0440\u0443\u043a\u0442\u043e\u0440, \u043a\u043e\u0442\u043e\u0440\u044b\u0439 \u043c\u043e\u0436\u0435\u0442 \u0441\u043e\u0437\u0434\u0430\u0442\u044c state \u043d\u0430 \u043e\u0441\u043d\u043e\u0432\u0435 \u0437\u0430\u0434\u0430\u0447\u0438, \u043f\u0435\u0440\u0435\u0434\u0430\u043d\u043d\u043e\u0439 \u0447\u0435\u0440\u0435\u0437 props (\u0435\u0441\u043b\u0438 \u0437\u0430\u0434\u0430\u0447\u0430 \u043f\u0435\u0440\u0435\u0434\u0430\u043d\u0430, \u0442\u043e \u0432 state \u043a\u043e\u043f\u0438\u0440\u0443\u0435\u0442\u0441\u044f \u044d\u0442\u0430 \u0437\u0430\u0434\u0430\u0447\u0430, \u0435\u0441\u043b\u0438 \u043d\u0435\u0442, \u0442\u043e \u0432 state \u043a\u043e\u043f\u0438\u0440\u0443\u0435\u0442\u0441\u044f \u043f\u0443\u0441\u0442\u0430\u044f \u0437\u0430\u0434\u0430\u0447\u0430).",
    "poster": "",
    "release_date": "2019-03-19",
    "finish_date": "2019-03-18",
    "is_deleted": true,
    "categories": [
      3
    ]
  }
},
{
  "model": "webapp.movie",
  "pk": 14,
  "fields": {
    "name": "\u041e\u0442\u043a\u0440\u044b\u0442\u044c \u043e\u043a\u043d\u043e",
    "description": "\u0412\u044b\u043d\u0435\u0441\u0438\u0442\u0435 \u0444\u043e\u0440\u043c\u0443 \u0432 \u043e\u0442\u0434\u0435\u043b\u044c\u043d\u044b\u0439 \u043a\u043e\u043c\u043f\u043e\u043d\u0435\u043d\u0442, \u043d\u0430\u0447\u0430\u043b\u044c\u043d\u044b\u0435 \u0437\u043d\u0430\u0447\u0435\u043d\u0438\u044f (\u0437\u0430\u0434\u0430\u0447\u0443) \u0434\u043b\u044f \u043a\u043e\u0442\u043e\u0440\u043e\u0433\u043e \u043f\u0435\u0440\u0435\u0434\u0430\u0432\u0430\u0439\u0442\u0435 \u0447\u0435\u0440\u0435\u0437 props. \u0422.\u043a. props \u043d\u0435 \u043c\u043e\u0436\u0435\u0442 \u043c\u0435\u043d\u044f\u0442\u044c\u0441\u044f, \u0442\u043e \u043a\u043e\u043f\u0438\u0440\u0443\u0439\u0442\u0435 \u043f\u0435\u0440\u0435\u0434\u0430\u043d\u043d\u0443\u044e \u0437\u0430\u0434\u0430\u0447\u0443 \u0438\u0437 props \u0432 state. \u0414\u043b\u044f \u044d\u0442\u043e\u0433\u043e \u0441\u043e\u0437\u0434\u0430\u0439\u0442\u0435 \u0432 \u043a\u043e\u043c\u043f\u043e\u043d\u0435\u043d\u0442\u0435 \u0444\u043e\u0440\u043c\u044b \u043a\u043e\u043d\u0441\u0442\u0440\u0443\u043a\u0442\u043e\u0440, \u043a\u043e\u0442\u043e\u0440\u044b\u0439 \u043c\u043e\u0436\u0435\u0442 \u0441\u043e\u0437\u0434\u0430\u0442\u044c state \u043d\u0430 \u043e\u0441\u043d\u043e\u0432\u0435 \u0437\u0430\u0434\u0430\u0447\u0438, \u043f\u0435\u0440\u0435\u0434\u0430\u043d\u043d\u043e\u0439 \u0447\u0435\u0440\u0435\u0437 props (\u0435\u0441\u043b\u0438 \u0437\u0430\u0434\u0430\u0447\u0430 \u043f\u0435\u0440\u0435\u0434\u0430\u043d\u0430, \u0442\u043e \u0432 state \u043a\u043e\u043f\u0438\u0440\u0443\u0435\u0442\u0441\u044f \u044d\u0442\u0430 \u0437\u0430\u0434\u0430\u0447\u0430, \u0435\u0441\u043b\u0438 \u043d\u0435\u0442, \u0442\u043e \u0432 state \u043a\u043e\u043f\u0438\u0440\u0443\u0435\u0442\u0441\u044f \u043f\u0443\u0441\u0442\u0430\u044f \u0437\u0430\u0434\u0430\u0447\u0430).",
    "poster": "",
    "release_date": "2019-03-18",
    "finish_date": "2019-03-18",
    "is_deleted": true,
    "categories": [
      4
    ]
  }
},
{
  "model": "webapp.category",
  "pk": 1,
  "fields": {
    "name": "\u0422\u0440\u0438\u043b\u043b\u0435\u0440",
    "description": ""
  }
},
{
  "model": "webapp.category",
  "pk": 2,
  "fields": {
    "name": "\u0414\u0440\u0430\u043c\u0430",
    "description": ""
  }
},
{
  "model": "webapp.category",
  "pk": 3,
  "fields": {
    "name": "\u0423\u0436\u0430\u0441\u044b",
    "description": ""
  }
},
{
  "model": "webapp.category",
  "pk": 4,
  "fields": {
    "name": "\u0411\u043e\u0435\u0432\u0438\u043a",
    "description": ""
  }
},
{
  "model": "webapp.category",
  "pk": 5,
  "fields": {
    "name": "\u041c\u0435\u043b\u043e\u0434\u0440\u0430\u043c\u043c\u0430",
    "description": ""
  }
},
{
  "model": "webapp.category",
  "pk": 6,
  "fields": {
    "name": "\u0418\u0441\u0442\u043e\u0440\u0438\u044f",
    "description": ""
  }
},
{
  "model": "webapp.category",
  "pk": 7,
  "fields": {
    "name": "\u0414\u043e\u043a\u0443\u043c\u0435\u043d\u0442\u0430\u043b\u044c\u043d\u044b\u0439",
    "description": ""
  }
},
{
  "model": "webapp.category",
  "pk": 8,
  "fields": {
    "name": "\u0424\u0430\u043d\u0442\u0430\u0441\u0442\u0438\u043a\u0430",
    "description": ""
  }
},
{
  "model": "webapp.category",
  "pk": 9,
  "fields": {
    "name": "\u041c\u0443\u043b\u044c\u0442\u0444\u0438\u043b\u044c\u043c",
    "description": ""
  }
},
{
  "model": "webapp.category",
  "pk": 10,
  "fields": {
    "name": "\u041f\u0440\u0438\u043a\u043b\u044e\u0447\u0435\u043d\u0438\u0435",
    "description": ""
  }
},
{
  "model": "webapp.hall",
  "pk": 1,
  "fields": {
    "name": "\u0417\u0430\u043b 1",
    "is_deleted": true
  }
},
{
  "model": "webapp.hall",
  "pk": 2,
  "fields": {
    "name": "\u0417\u0430\u043b 2",
    "is_deleted": false
  }
},
{
  "model": "webapp.hall",
  "pk": 3,
  "fields": {
    "name": "\u0417\u0430\u043b 3",
    "is_deleted": false
  }
},
{
  "model": "webapp.hall",
  "pk": 4,
  "fields": {
    "name": "\u0417\u0430\u043b 4",
    "is_deleted": false
  }
},
{
  "model": "webapp.hall",
  "pk": 5,
  "fields": {
    "name": "\u0417\u0430\u043b 6",
    "is_deleted": false
  }
},
{
  "model": "webapp.hall",
  "pk": 6,
  "fields": {
    "name": "\u0411\u043e\u043b\u044c\u0448\u043e\u0439 \u0437\u0430\u043b",
    "is_deleted": false
  }
},
{
  "model": "webapp.hall",
  "pk": 7,
  "fields": {
    "name": "\u041e\u0442\u043a\u0440\u044b\u0442\u044c \u043e\u043a\u043d\u043e",
    "is_deleted": true
  }
},
{
  "model": "webapp.hall",
  "pk": 8,
  "fields": {
    "name": "\u041e\u0442\u043a\u0440\u044b\u0442\u044c \u043e\u043a\u043d\u043e",
    "is_deleted": true
  }
},
{
  "model": "webapp.seat",
  "pk": 1,
  "fields": {
    "hall": 6,
    "row": "13",
    "place": "13"
  }
},
{
  "model": "webapp.seat",
  "pk": 2,
  "fields": {
    "hall": 5,
    "row": "14",
    "place": "14"
  }
},
{
  "model": "webapp.seat",
  "pk": 3,
  "fields": {
    "hall": 2,
    "row": "12",
    "place": "12"
  }
},
{
  "model": "webapp.seat",
  "pk": 4,
  "fields": {
    "hall": 1,
    "row": "1",
    "place": "1"
  }
},
{
  "model": "webapp.seat",
  "pk": 5,
  "fields": {
    "hall": 2,
    "row": "1",
    "place": "2"
  }
},
{
  "model": "webapp.seat",
  "pk": 6,
  "fields": {
    "hall": 3,
    "row": "2",
    "place": "3"
  }
},
{
  "model": "webapp.seat",
  "pk": 7,
  "fields": {
    "hall": 4,
    "row": "3",
    "place": "4"
  }
},
{
  "model": "webapp.seat",
  "pk": 8,
  "fields": {
    "hall": 5,
    "row": "6",
    "place": "7"
  }
},
{
  "model": "webapp.seat",
  "pk": 9,
  "fields": {
    "hall": 6,
    "row": "13",
    "place": "35"
  }
},
{
  "model": "webapp.show",
  "pk": 1,
  "fields": {
    "movie": 1,
    "hall": 6,
    "start_datetime": "2019-03-04T12:00:00Z",
    "finish_datetime": "2019-03-04T14:00:00Z",
    "price": "300.00"
  }
},
{
  "model": "webapp.show",
  "pk": 2,
  "fields": {
    "movie": 2,
    "hall": 2,
    "start_datetime": "2019-03-20T15:45:00Z",
    "finish_datetime": "2019-03-20T17:45:00Z",
    "price": "400.00"
  }
},
{
  "model": "webapp.show",
  "pk": 3,
  "fields": {
    "movie": 3,
    "hall": 6,
    "start_datetime": "2019-03-19T12:00:00Z",
    "finish_datetime": "2019-03-19T14:00:00Z",
    "price": "500.00"
  }
},
{
  "model": "webapp.sale",
  "pk": 1,
  "fields": {
    "name": "8-\u043c\u0430\u0440\u0442\u0430",
    "how": "15.00",
    "start_date": "2019-03-06",
    "finish_date": "2019-03-09"
  }
},
{
  "model": "webapp.sale",
  "pk": 2,
  "fields": {
    "name": "\u041a\u0430\u0436\u0434\u044b\u0439 \u0412\u0442\u043e\u0440\u043d\u0438\u043a",
    "how": "30.00",
    "start_date": null,
    "finish_date": null
  }
},
{
  "model": "webapp.sale",
  "pk": 3,
  "fields": {
    "name": "\u0412\u0435\u0441\u0435\u043d\u043d\u0430\u044f \u0441\u043a\u0438\u0434\u043a\u0430",
    "how": "99.00",
    "start_date": "2019-03-01",
    "finish_date": "2019-05-31"
  }
},
{
  "model": "webapp.ticket",
  "pk": 1,
  "fields": {
    "show": 1,
    "seat": 1,
    "sale": null,
    "go_back": false
  }
},
{
  "model": "webapp.ticket",
  "pk": 2,
  "fields": {
    "show": 2,
    "seat": 3,
    "sale": 2,
    "go_back": false
  }
},
{
  "model": "webapp.booking",
  "pk": 1,
  "fields": {
    "code": "421890",
    "show": 3,
    "status": "\u0421\u043e\u0437\u0434\u0430\u043d\u043e",
    "created_at": "2019-03-06T16:31:23.876Z",
    "updated_at": "2019-03-06T16:31:23.876Z",
    "seat": [
      7
    ]
  }
},
{
  "model": "auth.permission",
  "pk": 1,
  "fields": {
    "name": "Can add log entry",
    "content_type": [
      "admin",
      "logentry"
    ],
    "codename": "add_logentry"
  }
},
{
  "model": "auth.permission",
  "pk": 2,
  "fields": {
    "name": "Can change log entry",
    "content_type": [
      "admin",
      "logentry"
    ],
    "codename": "change_logentry"
  }
},
{
  "model": "auth.permission",
  "pk": 3,
  "fields": {
    "name": "Can delete log entry",
    "content_type": [
      "admin",
      "logentry"
    ],
    "codename": "delete_logentry"
  }
},
{
  "model": "auth.permission",
  "pk": 4,
  "fields": {
    "name": "Can view log entry",
    "content_type": [
      "admin",
      "logentry"
    ],
    "codename": "view_logentry"
  }
},
{
  "model": "auth.permission",
  "pk": 5,
  "fields": {
    "name": "Can add permission",
    "content_type": [
      "auth",
      "permission"
    ],
    "codename": "add_permission"
  }
},
{
  "model": "auth.permission",
  "pk": 6,
  "fields": {
    "name": "Can change permission",
    "content_type": [
      "auth",
      "permission"
    ],
    "codename": "change_permission"
  }
},
{
  "model": "auth.permission",
  "pk": 7,
  "fields": {
    "name": "Can delete permission",
    "content_type": [
      "auth",
      "permission"
    ],
    "codename": "delete_permission"
  }
},
{
  "model": "auth.permission",
  "pk": 8,
  "fields": {
    "name": "Can view permission",
    "content_type": [
      "auth",
      "permission"
    ],
    "codename": "view_permission"
  }
},
{
  "model": "auth.permission",
  "pk": 9,
  "fields": {
    "name": "Can add group",
    "content_type": [
      "auth",
      "group"
    ],
    "codename": "add_group"
  }
},
{
  "model": "auth.permission",
  "pk": 10,
  "fields": {
    "name": "Can change group",
    "content_type": [
      "auth",
      "group"
    ],
    "codename": "change_group"
  }
},
{
  "model": "auth.permission",
  "pk": 11,
  "fields": {
    "name": "Can delete group",
    "content_type": [
      "auth",
      "group"
    ],
    "codename": "delete_group"
  }
},
{
  "model": "auth.permission",
  "pk": 12,
  "fields": {
    "name": "Can view group",
    "content_type": [
      "auth",
      "group"
    ],
    "codename": "view_group"
  }
},
{
  "model": "auth.permission",
  "pk": 13,
  "fields": {
    "name": "Can add user",
    "content_type": [
      "auth",
      "user"
    ],
    "codename": "add_user"
  }
},
{
  "model": "auth.permission",
  "pk": 14,
  "fields": {
    "name": "Can change user",
    "content_type": [
      "auth",
      "user"
    ],
    "codename": "change_user"
  }
},
{
  "model": "auth.permission",
  "pk": 15,
  "fields": {
    "name": "Can delete user",
    "content_type": [
      "auth",
      "user"
    ],
    "codename": "delete_user"
  }
},
{
  "model": "auth.permission",
  "pk": 16,
  "fields": {
    "name": "Can view user",
    "content_type": [
      "auth",
      "user"
    ],
    "codename": "view_user"
  }
},
{
  "model": "auth.permission",
  "pk": 17,
  "fields": {
    "name": "Can add content type",
    "content_type": [
      "contenttypes",
      "contenttype"
    ],
    "codename": "add_contenttype"
  }
},
{
  "model": "auth.permission",
  "pk": 18,
  "fields": {
    "name": "Can change content type",
    "content_type": [
      "contenttypes",
      "contenttype"
    ],
    "codename": "change_contenttype"
  }
},
{
  "model": "auth.permission",
  "pk": 19,
  "fields": {
    "name": "Can delete content type",
    "content_type": [
      "contenttypes",
      "contenttype"
    ],
    "codename": "delete_contenttype"
  }
},
{
  "model": "auth.permission",
  "pk": 20,
  "fields": {
    "name": "Can view content type",
    "content_type": [
      "contenttypes",
      "contenttype"
    ],
    "codename": "view_contenttype"
  }
},
{
  "model": "auth.permission",
  "pk": 21,
  "fields": {
    "name": "Can add session",
    "content_type": [
      "sessions",
      "session"
    ],
    "codename": "add_session"
  }
},
{
  "model": "auth.permission",
  "pk": 22,
  "fields": {
    "name": "Can change session",
    "content_type": [
      "sessions",
      "session"
    ],
    "codename": "change_session"
  }
},
{
  "model": "auth.permission",
  "pk": 23,
  "fields": {
    "name": "Can delete session",
    "content_type": [
      "sessions",
      "session"
    ],
    "codename": "delete_session"
  }
},
{
  "model": "auth.permission",
  "pk": 24,
  "fields": {
    "name": "Can view session",
    "content_type": [
      "sessions",
      "session"
    ],
    "codename": "view_session"
  }
},
{
  "model": "auth.permission",
  "pk": 25,
  "fields": {
    "name": "Can add movie",
    "content_type": [
      "webapp",
      "movie"
    ],
    "codename": "add_movie"
  }
},
{
  "model": "auth.permission",
  "pk": 26,
  "fields": {
    "name": "Can change movie",
    "content_type": [
      "webapp",
      "movie"
    ],
    "codename": "change_movie"
  }
},
{
  "model": "auth.permission",
  "pk": 27,
  "fields": {
    "name": "Can delete movie",
    "content_type": [
      "webapp",
      "movie"
    ],
    "codename": "delete_movie"
  }
},
{
  "model": "auth.permission",
  "pk": 28,
  "fields": {
    "name": "Can view movie",
    "content_type": [
      "webapp",
      "movie"
    ],
    "codename": "view_movie"
  }
},
{
  "model": "auth.permission",
  "pk": 29,
  "fields": {
    "name": "Can add hall",
    "content_type": [
      "webapp",
      "hall"
    ],
    "codename": "add_hall"
  }
},
{
  "model": "auth.permission",
  "pk": 30,
  "fields": {
    "name": "Can change hall",
    "content_type": [
      "webapp",
      "hall"
    ],
    "codename": "change_hall"
  }
},
{
  "model": "auth.permission",
  "pk": 31,
  "fields": {
    "name": "Can delete hall",
    "content_type": [
      "webapp",
      "hall"
    ],
    "codename": "delete_hall"
  }
},
{
  "model": "auth.permission",
  "pk": 32,
  "fields": {
    "name": "Can view hall",
    "content_type": [
      "webapp",
      "hall"
    ],
    "codename": "view_hall"
  }
},
{
  "model": "auth.permission",
  "pk": 33,
  "fields": {
    "name": "Can add category",
    "content_type": [
      "webapp",
      "category"
    ],
    "codename": "add_category"
  }
},
{
  "model": "auth.permission",
  "pk": 34,
  "fields": {
    "name": "Can change category",
    "content_type": [
      "webapp",
      "category"
    ],
    "codename": "change_category"
  }
},
{
  "model": "auth.permission",
  "pk": 35,
  "fields": {
    "name": "Can delete category",
    "content_type": [
      "webapp",
      "category"
    ],
    "codename": "delete_category"
  }
},
{
  "model": "auth.permission",
  "pk": 36,
  "fields": {
    "name": "Can view category",
    "content_type": [
      "webapp",
      "category"
    ],
    "codename": "view_category"
  }
},
{
  "model": "auth.permission",
  "pk": 37,
  "fields": {
    "name": "Can add seat",
    "content_type": [
      "webapp",
      "seat"
    ],
    "codename": "add_seat"
  }
},
{
  "model": "auth.permission",
  "pk": 38,
  "fields": {
    "name": "Can change seat",
    "content_type": [
      "webapp",
      "seat"
    ],
    "codename": "change_seat"
  }
},
{
  "model": "auth.permission",
  "pk": 39,
  "fields": {
    "name": "Can delete seat",
    "content_type": [
      "webapp",
      "seat"
    ],
    "codename": "delete_seat"
  }
},
{
  "model": "auth.permission",
  "pk": 40,
  "fields": {
    "name": "Can view seat",
    "content_type": [
      "webapp",
      "seat"
    ],
    "codename": "view_seat"
  }
},
{
  "model": "auth.permission",
  "pk": 41,
  "fields": {
    "name": "Can add show",
    "content_type": [
      "webapp",
      "show"
    ],
    "codename": "add_show"
  }
},
{
  "model": "auth.permission",
  "pk": 42,
  "fields": {
    "name": "Can change show",
    "content_type": [
      "webapp",
      "show"
    ],
    "codename": "change_show"
  }
},
{
  "model": "auth.permission",
  "pk": 43,
  "fields": {
    "name": "Can delete show",
    "content_type": [
      "webapp",
      "show"
    ],
    "codename": "delete_show"
  }
},
{
  "model": "auth.permission",
  "pk": 44,
  "fields": {
    "name": "Can view show",
    "content_type": [
      "webapp",
      "show"
    ],
    "codename": "view_show"
  }
},
{
  "model": "auth.permission",
  "pk": 45,
  "fields": {
    "name": "Can add booking",
    "content_type": [
      "webapp",
      "booking"
    ],
    "codename": "add_booking"
  }
},
{
  "model": "auth.permission",
  "pk": 46,
  "fields": {
    "name": "Can change booking",
    "content_type": [
      "webapp",
      "booking"
    ],
    "codename": "change_booking"
  }
},
{
  "model": "auth.permission",
  "pk": 47,
  "fields": {
    "name": "Can delete booking",
    "content_type": [
      "webapp",
      "booking"
    ],
    "codename": "delete_booking"
  }
},
{
  "model": "auth.permission",
  "pk": 48,
  "fields": {
    "name": "Can view booking",
    "content_type": [
      "webapp",
      "booking"
    ],
    "codename": "view_booking"
  }
},
{
  "model": "auth.permission",
  "pk": 49,
  "fields": {
    "name": "Can add sale",
    "content_type": [
      "webapp",
      "sale"
    ],
    "codename": "add_sale"
  }
},
{
  "model": "auth.permission",
  "pk": 50,
  "fields": {
    "name": "Can change sale",
    "content_type": [
      "webapp",
      "sale"
    ],
    "codename": "change_sale"
  }
},
{
  "model": "auth.permission",
  "pk": 51,
  "fields": {
    "name": "Can delete sale",
    "content_type": [
      "webapp",
      "sale"
    ],
    "codename": "delete_sale"
  }
},
{
  "model": "auth.permission",
  "pk": 52,
  "fields": {
    "name": "Can view sale",
    "content_type": [
      "webapp",
      "sale"
    ],
    "codename": "view_sale"
  }
},
{
  "model": "auth.permission",
  "pk": 53,
  "fields": {
    "name": "Can add ticket",
    "content_type": [
      "webapp",
      "ticket"
    ],
    "codename": "add_ticket"
  }
},
{
  "model": "auth.permission",
  "pk": 54,
  "fields": {
    "name": "Can change ticket",
    "content_type": [
      "webapp",
      "ticket"
    ],
    "codename": "change_ticket"
  }
},
{
  "model": "auth.permission",
  "pk": 55,
  "fields": {
    "name": "Can delete ticket",
    "content_type": [
      "webapp",
      "ticket"
    ],
    "codename": "delete_ticket"
  }
},
{
  "model": "auth.permission",
  "pk": 56,
  "fields": {
    "name": "Can view ticket",
    "content_type": [
      "webapp",
      "ticket"
    ],
    "codename": "view_ticket"
  }
},
{
  "model": "auth.permission",
  "pk": 57,
  "fields": {
    "name": "Can add Token",
    "content_type": [
      "authtoken",
      "token"
    ],
    "codename": "add_token"
  }
},
{
  "model": "auth.permission",
  "pk": 58,
  "fields": {
    "name": "Can change Token",
    "content_type": [
      "authtoken",
      "token"
    ],
    "codename": "change_token"
  }
},
{
  "model": "auth.permission",
  "pk": 59,
  "fields": {
    "name": "Can delete Token",
    "content_type": [
      "authtoken",
      "token"
    ],
    "codename": "delete_token"
  }
},
{
  "model": "auth.permission",
  "pk": 60,
  "fields": {
    "name": "Can view Token",
    "content_type": [
      "authtoken",
      "token"
    ],
    "codename": "view_token"
  }
},
{
  "model": "auth.user",
  "pk": 1,
  "fields": {
    "password": "pbkdf2_sha256$120000$UsW7cEj4NAMk$NHM5Ng00qhAnh0kcKz5rRbo53dYE1OAelAZXYLhmpSg=",
    "last_login": "2019-03-11T13:56:03.715Z",
    "is_superuser": true,
    "username": "admin",
    "first_name": "",
    "last_name": "",
    "email": "",
    "is_staff": true,
    "is_active": true,
    "date_joined": "2019-02-28T13:27:05.299Z",
    "groups": [],
    "user_permissions": []
  }
},
{
  "model": "auth.user",
  "pk": 2,
  "fields": {
    "password": "pbkdf2_sha256$120000$wvawWQy9vf9E$GiVW82yYyflnbhWppUftJpAxjntHdLH7MIUkMUgWb4g=",
    "last_login": null,
    "is_superuser": false,
    "username": "belek",
    "first_name": "",
    "last_name": "",
    "email": "",
    "is_staff": false,
    "is_active": true,
    "date_joined": "2019-03-18T13:56:29Z",
    "groups": [],
    "user_permissions": []
  }
}
]
